<!--
  Copyright © 2009 Reinier Zwitserloot and Roel Spilker.
  
  Permission is hereby granted, free of charge, to any person obtaining a copy
  of this software and associated documentation files (the "Software"), to deal
  in the Software without restriction, including without limitation the rights
  to use, copy, modify, merge, publish, distribute, sublicense, and/or sell
  copies of the Software, and to permit persons to whom the Software is
  furnished to do so, subject to the following conditions:
  
  The above copyright notice and this permission notice shall be included in
  all copies or substantial portions of the Software.
  
  THE SOFTWARE IS PROVIDED "AS IS", WITHOUT WARRANTY OF ANY KIND, EXPRESS OR
  IMPLIED, INCLUDING BUT NOT LIMITED TO THE WARRANTIES OF MERCHANTABILITY,
  FITNESS FOR A PARTICULAR PURPOSE AND NONINFRINGEMENT. IN NO EVENT SHALL THE
  AUTHORS OR COPYRIGHT HOLDERS BE LIABLE FOR ANY CLAIM, DAMAGES OR OTHER
  LIABILITY, WHETHER IN AN ACTION OF CONTRACT, TORT OR OTHERWISE, ARISING FROM,
  OUT OF OR IN CONNECTION WITH THE SOFTWARE OR THE USE OR OTHER DEALINGS IN
  THE SOFTWARE.
-->
<project name="lombok-deps" basedir=".." default="install">
	<description>
This buildfile is part of projectlombok.org. It responsible for finding, downloading,
and building dependencies.
	</description>
	
	<target name="install" description="Gets all dependencies, including optional ones, interactively (asks you)">
		<subant target="install">
			<fileset dir="buildScripts/deps" includes="*.ant.xml" />
		</subant>
	</target>
	
	<target name="install-silent" description="Gets all dependencies, including optional ones, assuming you want everything.">
		<subant target="install-silent">
			<fileset dir="buildScripts/deps" includes="*.ant.xml" />
		</subant>
	</target>
	
	<target name="update" description="Updates without interaction those deps you already have.">
		<subant target="update">
			<fileset dir="buildScripts/deps" includes="*.ant.xml" />
		</subant>
	</target>
	
	<target name="build" description="Builds all dependencies for which you've installed the source version.">
		<subant target="build">
			<fileset dir="buildScripts/deps" includes="*.ant.xml" />
		</subant>
	</target>
</project>
